{
  "version": "2022.2",
  "applications": [],
  "platforms": [
    {
      "name": "TrackerTopLevel"
    }
  ],
  "systems": [
    {
      "name": "tracker_system",
      "platform": "C:/Users/ethan/Documents/GitHub/ECE385FinalProject/FPGA/vitisproject/TrackerTopLevel/export/TrackerTopLevel/TrackerTopLevel.xpfm",
      "sysConfig": "TrackerTopLevel",
      "buildConfig": "Debug",
      "applications": [
        {
          "name": "tracker",
          "platform": "C:/Users/ethan/Documents/GitHub/ECE385FinalProject/FPGA/vitisproject/TrackerTopLevel/export/TrackerTopLevel/TrackerTopLevel.xpfm",
          "platformPath": "C:\\Users\\ethan\\Documents\\GitHub\\ECE385FinalProject\\FPGA\\vitisproject\\TrackerTopLevel\\export\\TrackerTopLevel",
          "sysConfig": "TrackerTopLevel",
          "domain": "standalone_microblaze_0",
          "system": "tracker_system"
        }
      ],
      "platformPath": "C:\\Users\\ethan\\Documents\\GitHub\\ECE385FinalProject\\FPGA\\vitisproject\\TrackerTopLevel\\export\\TrackerTopLevel"
    }
  ],
  "others": []
}